epoch,acc,loss,val_acc,val_loss
0,0.1475,2.2965368318557737,0.135,2.2784930086135864
1,0.2325,2.1663397359848022,0.11,4.079995031356812
